INSERT INTO `lab` (`id`, `title`, `description`, `url`, `location`,`bg_url`, `online`, `click_count`, `like_count`,`createdAt`, `updatedAt`, `version`) VALUES (1, 'SmithChart', '使用HTML，Canvas制作的史密斯原图工具', 'http://demo.kongdepeng.com.cn/SmithChart', 'https://gitee.com/Kongdp/SmithChart','http://www.qqbizhi.com/allimg/hpic/2502.jpg',true, 0,0, now(), now(), 0);
INSERT INTO `lab` (`id`, `title`, `description`, `url`, `location`,`bg_url`, `online`, `click_count`, `like_count`,`createdAt`, `updatedAt`, `version`) VALUES (2, '蒙特卡洛方法求解圆周率', '蒙特卡洛方法求解圆周率Canva', 'http://demo.kongdepeng.com.cn/CalcPi', 'https://gitee.com/Kongdp/CalcPi','http://pic1.win4000.com/wallpaper/9/56fcdef02f263.jpg',true, 0,0, now(), now(), 0);
INSERT INTO `lab` (`id`, `title`, `description`, `url`, `location`,`bg_url`, `online`, `click_count`, `like_count`,`createdAt`, `updatedAt`, `version`) VALUES (3, '贪食蛇',  'jsDom制作贪食蛇游戏', 'http://demo.kongdepeng.com.cn/snake','https://gitee.com/Kongdp/snake', 'https://images2.alphacoders.com/545/54542.jpg',true, 0,0, now(), now(), 0);
INSERT INTO `lab` (`id`, `title`, `description`, `url`, `location`,`bg_url`, `online`, `click_count`, `like_count`,`createdAt`, `updatedAt`, `version`) VALUES (4, '转盘抽奖',  '转盘抽奖Canvas，js原生转盘抽奖', 'http://demo.kongdepeng.com.cn/Lottery', 'https://gitee.com/Kongdp/Lottery','http://img.netbian.com/file/2017/0724/f6742288826c08713a1d8682ca431b15.jpg',true, 0,0, now(), now(), 0);
INSERT INTO `lab` (`id`, `title`, `description`, `url`, `location`,`bg_url`, `online`, `click_count`, `like_count`,`createdAt`, `updatedAt`, `version`) VALUES (5, '班级网',  'Vue laravel 前后端分离，班级网', 'http://share.kongdepeng.com.cn', 'https://gitee.com/Kongdp/share','https://images2.alphacoders.com/545/54542.jpg',true, 0,0, now(), now(), 0);

INSERT INTO `tool` (`id`, `title`, `description`, `url`, `bg_url`, `online`,`type` ,`click_count`, `like_count`,`createdAt`, `updatedAt`, `version`) VALUES (1, 'MDN',  '火狐开发者网站', 'https://developer.mozilla.org/zh-CN', 'http://www.qqbizhi.com/allimg/hpic/2502.jpg',true,'dev', 0,0, now(), now(), 0);
INSERT INTO `tool` (`id`, `title`, `description`, `url`, `bg_url`, `online`,`type` ,`click_count`, `like_count`,`createdAt`, `updatedAt`, `version`) VALUES (2, 'bootstrap', 'bootstrap', 'http://www.bootcss.com', 'https://images2.alphacoders.com/545/54542.jpg',true,'dev', 0,0, now(), now(), 0);
INSERT INTO `tool` (`id`, `title`, `description`, `url`, `bg_url`, `online`,`type` ,`click_count`, `like_count`,`createdAt`, `updatedAt`, `version`) VALUES (3, 'VUE',  'web前端开发框架', 'https://cn.vuejs.org/index.html', 'http://pic1.win4000.com/wallpaper/9/56fcdef02f263.jpg',true,'dev', 0,0, now(), now(), 0);
INSERT INTO `tool` (`id`, `title`, `description`, `url`, `bg_url`, `online`,`type` ,`click_count`, `like_count`,`createdAt`, `updatedAt`, `version`) VALUES (4, 'node js中文网',  'node js', 'http://nodejs.cn/api/', 'http://pic1.win4000.com/wallpaper/9/56fcdef02f263.jpg',true,'dev', 0,0, now(), now(), 0);
INSERT INTO `tool` (`id`, `title`, `description`, `url`, `bg_url`, `online`,`type` ,`click_count`, `like_count`,`createdAt`, `updatedAt`, `version`) VALUES (5, 'express',  'express', 'http://nodejs.cn/api/', 'http://www.qqbizhi.com/allimg/hpic/2502.jpg',true,'dev', 0,0, now(), now(), 0);
INSERT INTO `tool` (`id`, `title`, `description`, `url`, `bg_url`, `online`,`type` ,`click_count`, `like_count`,`createdAt`, `updatedAt`, `version`) VALUES (6, 'koa',  'koa', 'http://nodejs.cn/api/', 'http://pic1.win4000.com/wallpaper/9/56fcdef02f263.jpg',true,'dev', 0,0, now(), now(), 0);
INSERT INTO `tool` (`id`, `title`, `description`, `url`, `bg_url`, `online`,`type` ,`click_count`, `like_count`,`createdAt`, `updatedAt`, `version`) VALUES (7, 'React',  'React', 'http://nodejs.cn/api/', 'http://www.qqbizhi.com/allimg/hpic/2502.jpg',true,'dev', 0,0, now(), now(), 0);

INSERT INTO `tool` (`id`, `title`, `description`, `url`, `bg_url`, `online`,`type` ,`click_count`, `like_count`,`createdAt`, `updatedAt`, `version`) VALUES (8, '音乐台MV下载',  '音乐台MV下载', 'http://www.170mv.com/tool/jiexi', 'http://www.qqbizhi.com/allimg/hpic/2502.jpg',true,'life', 0,0, now(), now(), 0);
INSERT INTO `tool` (`id`, `title`, `description`, `url`, `bg_url`, `online`,`type` ,`click_count`, `like_count`,`createdAt`, `updatedAt`, `version`) VALUES (9, '悠悠鸟影视',  'React', 'http://www.uubird.cc', 'http://www.qqbizhi.com/allimg/hpic/2502.jpg',true,'life', 0,0, now(), now(), 0);
INSERT INTO `tool` (`id`, `title`, `description`, `url`, `bg_url`, `online`,`type` ,`click_count`, `like_count`,`createdAt`, `updatedAt`, `version`) VALUES (10, 'VIP视频',  'VIP视频', 'http://vip.72du.com/?f=vipbar2#help', 'http://www.qqbizhi.com/allimg/hpic/2502.jpg',true,'life', 0,0, now(), now(), 0);

INSERT INTO `tool` (`id`, `title`, `description`, `url`, `bg_url`, `online`,`type` ,`click_count`, `like_count`,`createdAt`, `updatedAt`, `version`) VALUES (11, '云端应用',  '云端应用', 'https://uzer.me', 'http://www.qqbizhi.com/allimg/hpic/2502.jpg',true,'office', 0,0, now(), now(), 0);
INSERT INTO `tool` (`id`, `title`, `description`, `url`, `bg_url`, `online`,`type` ,`click_count`, `like_count`,`createdAt`, `updatedAt`, `version`) VALUES (12, 'office-converter',  '在线格式转换工具', 'https://cn.office-converter.com', 'http://www.qqbizhi.com/allimg/hpic/2502.jpg',true,'office', 0,0, now(), now(), 0);


INSERT INTO `tag` (`id`, `title`, `description`, `key_word`, `color`, `online`,`createdAt`, `updatedAt`, `version`) VALUES (1, 'HTML',  'HTML', 'HTML', '#F00',true, now(), now(), 0);
INSERT INTO `tag` (`id`, `title`, `description`, `key_word`, `color`, `online`,`createdAt`, `updatedAt`, `version`) VALUES (2, 'CSS',  'CSS', 'CSS', '#37f19c',true, now(), now(), 0);
INSERT INTO `tag` (`id`, `title`, `description`, `key_word`, `color`, `online`,`createdAt`, `updatedAt`, `version`) VALUES (3, 'NODE',  'NODE', 'NODE', '#56e4be',true, now(), now(), 0);
INSERT INTO `tag` (`id`, `title`, `description`, `key_word`, `color`, `online`,`createdAt`, `updatedAt`, `version`) VALUES (4, 'JS',  'JS', 'JS', '#08160',true, now(), now(), 0);
INSERT INTO `tag` (`id`, `title`, `description`, `key_word`, `color`, `online`,`createdAt`, `updatedAt`, `version`) VALUES (5, 'JS',  'JS', 'JS', '#08160',true, now(), now(), 0);
INSERT INTO `tag` (`id`, `title`, `description`, `key_word`, `color`, `online`,`createdAt`, `updatedAt`, `version`) VALUES (6, 'PHP',  'PHP', 'PHP', '#b43ec1',true, now(), now(), 0);
INSERT INTO `tag` (`id`, `title`, `description`, `key_word`, `color`, `online`,`createdAt`, `updatedAt`, `version`) VALUES (7, 'VUE',  'VUE', 'VUE', '#01442a',true, now(), now(), 0);
INSERT INTO `tag` (`id`, `title`, `description`, `key_word`, `color`, `online`,`createdAt`, `updatedAt`, `version`) VALUES (8, 'VUE',  'VUE', 'VUE', '#01442a',true, now(), now(), 0);
INSERT INTO `tag` (`id`, `title`, `description`, `key_word`, `color`, `online`,`createdAt`, `updatedAt`, `version`) VALUES (9, 'REACT',  'REACT', 'REACT', '#fb0a56',true, now(), now(), 0);
INSERT INTO `tag` (`id`, `title`, `description`, `key_word`, `color`, `online`,`createdAt`, `updatedAt`, `version`) VALUES (10, 'JS',  'JS', 'JS', '#08160',true, now(), now(), 0);
INSERT INTO `tag` (`id`, `title`, `description`, `key_word`, `color`, `online`,`createdAt`, `updatedAt`, `version`) VALUES (11, 'JS',  'JS', 'JS', '#08160',true, now(), now(), 0);
INSERT INTO `tag` (`id`, `title`, `description`, `key_word`, `color`, `online`,`createdAt`, `updatedAt`, `version`) VALUES (12, 'JS',  'JS', 'JS', '#08160',true, now(), now(), 0);
INSERT INTO `tag` (`id`, `title`, `description`, `key_word`, `color`, `online`,`createdAt`, `updatedAt`, `version`) VALUES (13, 'PHP',  'PHP', 'PHP', '#b43ec1',true, now(), now(), 0);
INSERT INTO `tag` (`id`, `title`, `description`, `key_word`, `color`, `online`,`createdAt`, `updatedAt`, `version`) VALUES (14, 'VUE',  'VUE', 'VUE', '#01442a',true, now(), now(), 0);
INSERT INTO `tag` (`id`, `title`, `description`, `key_word`, `color`, `online`,`createdAt`, `updatedAt`, `version`) VALUES (15, 'VUE',  'VUE', 'VUE', '#01442a',true, now(), now(), 0);
INSERT INTO `tag` (`id`, `title`, `description`, `key_word`, `color`, `online`,`createdAt`, `updatedAt`, `version`) VALUES (16, 'REACT',  'REACT', 'REACT', '#fb0a56',true, now(), now(), 0);
INSERT INTO `tag` (`id`, `title`, `description`, `key_word`, `color`, `online`,`createdAt`, `updatedAt`, `version`) VALUES (17, 'JS',  'JS', 'JS', '#08160',true, now(), now(), 0);


INSERT INTO `link` (`id`, `title`, `description`, `url`, `color`,`bg_url`, `online`,`type`,`createdAt`, `updatedAt`, `version`) VALUES (1, '慕课网',  '慕课网', 'http://www.imooc.com', '#0F0','http://pic1.win4000.com/wallpaper/9/56fcdef02f263.jpg',true, '类别1',now(), now(), 0);
INSERT INTO `link` (`id`, `title`, `description`, `url`, `color`,`bg_url`, `online`,`type`,`createdAt`, `updatedAt`, `version`) VALUES (2, '阮一峰',  '慕课网', 'http://www.imooc.com', '#0F0','http://pic1.win4000.com/wallpaper/9/56fcdef02f263.jpg',true, '类别1',now(), now(), 0);
INSERT INTO `link` (`id`, `title`, `description`, `url`, `color`,`bg_url`, `online`,`type`,`createdAt`, `updatedAt`, `version`) VALUES (3, '张鑫旭',  '慕课网', 'http://www.imooc.com', '#0F0','http://pic1.win4000.com/wallpaper/9/56fcdef02f263.jpg',true, '类别2',now(), now(), 0);
INSERT INTO `link` (`id`, `title`, `description`, `url`, `color`,`bg_url`, `online`,`type`,`createdAt`, `updatedAt`, `version`) VALUES (4, '掘金',  '慕课网', 'http://www.imooc.com', '#0F0','http://pic1.win4000.com/wallpaper/9/56fcdef02f263.jpg',true, '类别1',now(), now(), 0);
INSERT INTO `link` (`id`, `title`, `description`, `url`, `color`,`bg_url`, `online`,`type`,`createdAt`, `updatedAt`, `version`) VALUES (5, 'segmentDefault',  '慕课网', 'http://www.imooc.com', '#0F0','http://pic1.win4000.com/wallpaper/9/56fcdef02f263.jpg',true, '类别2',now(), now(), 0);
INSERT INTO `link` (`id`, `title`, `description`, `url`, `color`,`bg_url`, `online`,`type`,`createdAt`, `updatedAt`, `version`) VALUES (6, '菜鸟教程',  '慕课网', 'http://www.imooc.com', '#0F0','http://pic1.win4000.com/wallpaper/9/56fcdef02f263.jpg',true, '类别3',now(), now(), 0);
INSERT INTO `link` (`id`, `title`, `description`, `url`, `color`,`bg_url`, `online`,`type`,`createdAt`, `updatedAt`, `version`) VALUES (7, '谷歌',  '慕课网', 'http://www.imooc.com', '#0F0','http://pic1.win4000.com/wallpaper/9/56fcdef02f263.jpg',true, '类别4',now(), now(), 0);
INSERT INTO `link` (`id`, `title`, `description`, `url`, `color`,`bg_url`, `online`,`type`,`createdAt`, `updatedAt`, `version`) VALUES (8, '百度',  '慕课网', 'http://www.imooc.com', '#0F0','http://pic1.win4000.com/wallpaper/9/56fcdef02f263.jpg',true, '类别3',now(), now(), 0);
INSERT INTO `link` (`id`, `title`, `description`, `url`, `color`,`bg_url`, `online`,`type`,`createdAt`, `updatedAt`, `version`) VALUES (9, 'smithChart',  '慕课网', 'http://www.imooc.com', '#0F0','http://pic1.win4000.com/wallpaper/9/56fcdef02f263.jpg',true, '旗下网站',now(), now(), 0);
INSERT INTO `link` (`id`, `title`, `description`, `url`, `color`,`bg_url`, `online`,`type`,`createdAt`, `updatedAt`, `version`) VALUES (10, 'share',  '慕课网', 'http://www.imooc.com', '#0F0','http://pic1.win4000.com/wallpaper/9/56fcdef02f263.jpg',true, '旗下网站',now(), now(), 0);

INSERT INTO `article` ( `index`,`title`, `description`, `auth`, `color`,`bg_url`, `createdAt`, `updatedAt`, `version`) VALUES ( '2018/08/11/webpack',  'webpack入门','webpack入门','作者1','#f00', 'http://www.qqbizhi.com/allimg/hpic/2502.jpg',now(), now(), 0);
INSERT INTO `article` ( `index`,`title`, `description`, `auth`, `color`,`bg_url`, `createdAt`, `updatedAt`, `version`) VALUES ( '20180811gulp',  'gulp入门','gulp入门','作者1','#f00', 'http://pic1.win4000.com/wallpaper/9/56fcdef02f263.jpg',now(), now(), 0);
INSERT INTO `article` ( `index`,`title`, `description`, `auth`, `color`,`bg_url`, `createdAt`, `updatedAt`, `version`) VALUES ( '20180811gulp',  'node主要内容','node主要内容','作者1','#f00', 'http://www.qqbizhi.com/allimg/hpic/2502.jpg',now(), now(), 0);
INSERT INTO `article` ( `index`,`title`, `description`, `auth`, `color`,`bg_url`, `createdAt`, `updatedAt`, `version`) VALUES ( '20180811gulp',  'node主要内容','node主要内容','作者1','#f00', 'http://www.qqbizhi.com/allimg/hpic/2502.jpg',now(), now(), 0);
INSERT INTO `article` ( `index`,`title`, `description`, `auth`, `color`,`bg_url`, `createdAt`, `updatedAt`, `version`) VALUES ( '20180811gulp',  'vue主要内容','vue主要内容','作者1','#f00', 'http://pic1.win4000.com/wallpaper/9/56fcdef02f263.jpg',now(), now(), 0);
INSERT INTO `article` ( `index`,`title`, `description`, `auth`, `color`,`bg_url`, `createdAt`, `updatedAt`, `version`) VALUES ( '20180811gulp',  'vue2主要内容','vue2主要内容','作者1','#f00', 'http://www.qqbizhi.com/allimg/hpic/2502.jpg',now(), now(), 0);
INSERT INTO `article` ( `index`,`title`, `description`, `auth`, `color`,`bg_url`, `createdAt`, `updatedAt`, `version`) VALUES ( '20180811gulp',  'vue2主要内容','vue2主要内容','作者1','#f00', 'http://www.qqbizhi.com/allimg/hpic/2502.jpg',now(), now(), 0);
INSERT INTO `article` ( `index`,`title`, `description`, `auth`, `color`,`bg_url`, `createdAt`, `updatedAt`, `version`) VALUES ( '20180811gulp',  'php主要内容','php主要内容','作者1','#f00', 'http://pic1.win4000.com/wallpaper/9/56fcdef02f263.jpg',now(), now(), 0);
INSERT INTO `article` ( `index`,`title`, `description`, `auth`, `color`,`bg_url`, `createdAt`, `updatedAt`, `version`) VALUES ( '20180811gulp',  'php主要内容','php主要内容','作者1','#f00', 'http://pic1.win4000.com/wallpaper/9/56fcdef02f263.jpg',now(), now(), 0);
INSERT INTO `article` ( `index`,`title`, `description`, `auth`, `color`,`bg_url`, `createdAt`, `updatedAt`, `version`) VALUES ( '20180811gulp',  'js主要内容','js主要内容','作者1','#f00', 'https://images2.alphacoders.com/545/54542.jpg',now(), now(), 0);
INSERT INTO `article` ( `index`,`title`, `description`, `auth`, `color`,`bg_url`, `createdAt`, `updatedAt`, `version`) VALUES ( '20180811gulp',  'html主要内容','html主要内容','作者1','#f00', 'http://pic1.win4000.com/wallpaper/9/56fcdef02f263.jpg',now(), now(), 0);
INSERT INTO `article` ( `index`,`title`, `description`, `auth`, `color`,`bg_url`, `createdAt`, `updatedAt`, `version`) VALUES ( '20180811gulp',  'html主要内容','html主要内容','作者1','#f00', 'http://pic1.win4000.com/wallpaper/9/56fcdef02f263.jpg',now(), now(), 0);

INSERT INTO `article_content` ( `article_id`,`content`,`createdAt`, `updatedAt`, `version`) VALUES ( 1,'webpack主要内容',now(), now(), 0);
INSERT INTO `article_content` (`article_id`,`content`,`createdAt`, `updatedAt`, `version`) VALUES ( 2,'gulp主要内容',now(), now(), 0);
INSERT INTO `article_content` (`article_id`,`content`,`createdAt`, `updatedAt`, `version`) VALUES ( 3,'node主要内容',now(), now(), 0);
INSERT INTO `article_content` (`article_id`,`content`,`createdAt`, `updatedAt`, `version`) VALUES ( 4,'vue主要内容',now(), now(), 0);
INSERT INTO `article_content` (`article_id`,`content`,`createdAt`, `updatedAt`, `version`) VALUES ( 5,'vue2主要内容',now(), now(), 0);
INSERT INTO `article_content` (`article_id`,`content`,`createdAt`, `updatedAt`, `version`) VALUES ( 6,'php主要内容',now(), now(), 0);
INSERT INTO `article_content` (`article_id`,`content`,`createdAt`, `updatedAt`, `version`) VALUES ( 7,'js主要内容',now(), now(), 0);
INSERT INTO `article_content` (`article_id`,`content`,`createdAt`, `updatedAt`, `version`) VALUES (8,'html主要内容',now(), now(), 0);

INSERT INTO `relation_tag` (`article_id`,`tag_id`,`createdAt`, `updatedAt`, `version`) VALUES ( 1,1,now(), now(), 0);
INSERT INTO `relation_tag` (`article_id`,`tag_id`,`createdAt`, `updatedAt`, `version`) VALUES ( 2,3,now(), now(), 0);
INSERT INTO `relation_tag` (`article_id`,`tag_id`,`createdAt`, `updatedAt`, `version`) VALUES ( 2,5,now(), now(), 0);
INSERT INTO `relation_tag` (`article_id`,`tag_id`,`createdAt`, `updatedAt`, `version`) VALUES ( 1,6,now(), now(), 0);
INSERT INTO `relation_tag` (`article_id`,`tag_id`,`createdAt`, `updatedAt`, `version`) VALUES ( 2,7,now(), now(), 0);
INSERT INTO `relation_tag` (`article_id`,`tag_id`,`createdAt`, `updatedAt`, `version`) VALUES ( 3,7,now(), now(), 0);
INSERT INTO `relation_tag` (`article_id`,`tag_id`,`createdAt`, `updatedAt`, `version`) VALUES ( 4,7,now(), now(), 0);
INSERT INTO `relation_tag` (`article_id`,`tag_id`,`createdAt`, `updatedAt`, `version`) VALUES ( 4,7,now(), now(), 0);
INSERT INTO `relation_tag` (`article_id`,`tag_id`,`createdAt`, `updatedAt`, `version`) VALUES ( 5,7,now(), now(), 0);

INSERT INTO `recommend` (`title`,`source`,`description`,`url`,`click_count`,`createdAt`, `updatedAt`, `version`) VALUES ( '一周精通VUE JS','掘金','我肯定超了lorem lorem lorem lorem lorem lorem lorem lorem lorem lorem lorem lorem lorem lorem lorem lorem lorem lorem lorem lorem lorem lorem lorem lorem lorem lorem lorem lorem lorem lorem lorem lorem lorem lorem lorem lorem lorem lorem lorem lorem lorem lorem lorem lorem lorem lorem lorem lorem lorem lorem lorem lorem lorem lorem lorem lorem lorem lorem lorem lorem lorem lorem lorem lorem lorem lorem lorem lorem lorem lorem ','www.baidu.com',7,now(), now(), 0);
INSERT INTO `recommend` (`title`,`source`,`description`,`url`,`click_count`,`createdAt`, `updatedAt`, `version`) VALUES ( '一周精通VUE JS','掘金','我肯定超了lorem lorem lorem lorem lorem lorem lorem lorem lorem lorem lorem lorem lorem lorem lorem lorem lorem lorem lorem lorem lorem lorem lorem lorem lorem lorem lorem lorem lorem lorem lorem lorem lorem lorem lorem lorem lorem lorem lorem lorem lorem lorem lorem lorem lorem lorem lorem lorem lorem lorem lorem lorem lorem lorem lorem lorem lorem lorem lorem lorem lorem lorem lorem lorem lorem lorem lorem lorem lorem lorem ','www.baidu.com',7,now(), now(), 0);
INSERT INTO `recommend` (`title`,`source`,`description`,`url`,`click_count`,`createdAt`, `updatedAt`, `version`) VALUES ( '一周精通VUE JS','掘金','我肯定超了lorem lorem lorem lorem lorem lorem lorem lorem lorem lorem lorem lorem lorem lorem lorem lorem lorem lorem lorem lorem lorem lorem lorem lorem lorem lorem lorem lorem lorem lorem lorem lorem lorem lorem lorem lorem lorem lorem lorem lorem lorem lorem lorem lorem lorem lorem lorem lorem lorem lorem lorem lorem lorem lorem lorem lorem lorem lorem lorem lorem lorem lorem lorem lorem lorem lorem lorem lorem lorem lorem ','www.baidu.com',7,now(), now(), 0);
INSERT INTO `recommend` (`title`,`source`,`description`,`url`,`click_count`,`createdAt`, `updatedAt`, `version`) VALUES ( '一周精通VUE JS','掘金','我肯定超了lorem lorem lorem lorem lorem lorem lorem lorem lorem lorem lorem lorem lorem lorem lorem lorem lorem lorem lorem lorem lorem lorem lorem lorem lorem lorem lorem lorem lorem lorem lorem lorem lorem lorem lorem lorem lorem lorem lorem lorem lorem lorem lorem lorem lorem lorem lorem lorem lorem lorem lorem lorem lorem lorem lorem lorem lorem lorem lorem lorem lorem lorem lorem lorem lorem lorem lorem lorem lorem lorem ','www.baidu.com',7,now(), now(), 0);
INSERT INTO `recommend` (`title`,`source`,`description`,`url`,`click_count`,`createdAt`, `updatedAt`, `version`) VALUES ( '一周精通VUE JS','掘金','我肯定超了lorem lorem lorem lorem lorem lorem lorem lorem lorem lorem lorem lorem lorem lorem lorem lorem lorem lorem lorem lorem lorem lorem lorem lorem lorem lorem lorem lorem lorem lorem lorem lorem lorem lorem lorem lorem lorem lorem lorem lorem lorem lorem lorem lorem lorem lorem lorem lorem lorem lorem lorem lorem lorem lorem lorem lorem lorem lorem lorem lorem lorem lorem lorem lorem lorem lorem lorem lorem lorem lorem ','www.baidu.com',7,now(), now(), 0);
INSERT INTO `recommend` (`title`,`source`,`description`,`url`,`click_count`,`createdAt`, `updatedAt`, `version`) VALUES ( '一周精通VUE JS','掘金','我肯定超了lorem lorem lorem lorem lorem lorem lorem lorem lorem lorem lorem lorem lorem lorem lorem lorem lorem lorem lorem lorem lorem lorem lorem lorem lorem lorem lorem lorem lorem lorem lorem lorem lorem lorem lorem lorem lorem lorem lorem lorem lorem lorem lorem lorem lorem lorem lorem lorem lorem lorem lorem lorem lorem lorem lorem lorem lorem lorem lorem lorem lorem lorem lorem lorem lorem lorem lorem lorem lorem lorem ','www.baidu.com',7,now(), now(), 0);


